<?xml version="1.0"?>
<ruleset name="WordPress Coding Standards for Revive.so">
    <description>A custom set of rules to check for Revive.so</description>

    <!-- What to scan -->
    <file>.</file>
    <exclude-pattern>/vendor/</exclude-pattern>
    <exclude-pattern>/node_modules/</exclude-pattern>
    <exclude-pattern>/build/</exclude-pattern>

    <!-- How to scan -->
    <arg value="sp"/> <!-- Show sniff and progress -->
    <arg name="basepath" value="./"/><!-- Strip the file paths down to the relevant bit -->
    <arg name="colors"/>
    <arg name="extensions" value="php"/>
    <arg name="parallel" value="8"/><!-- Enables parallel processing when available for faster results. -->

    <!-- Rules: Check PHP version compatibility -->
    <config name="testVersion" value="7.0-"/>

    <rule ref="WordPress">
        <!-- Add any rules you want to exclude here -->
        <exclude name="Squiz.Commenting"/>
        <exclude name="Generic.Commenting"/>
        <exclude name="PSR2.Methods.MethodDeclaration.Underscore"/>
    </rule>
    <rule ref="WordPress.NamingConventions.PrefixAllGlobals">
        <properties>
            <property name="prefixes" type="array" value="revive-so,reviveso"/>
        </properties>
    </rule>
    <rule ref="WordPress.WP.I18n">
        <properties>
            <property name="text_domain" type="array" value="revive-so"/>
        </properties>
    </rule>
    <rule ref="WordPress.WhiteSpace.ControlStructureSpacing">
        <properties>
            <property name="blank_line_check" value="true"/>
        </properties>
    </rule>
</ruleset>